Register All Tables,8453
q1,18674
q2,30187
q3,17950
q4,363037
q5,35002
q6,31968
q7,28581
q8,18659
q9,12609
q10,19283
q11,75869
q12,9790
q13,16441
q14_part_1,172742
q14_part_2,140073
q15,22987
q16,41716
q17,37970
q18,25220
q19,14561
q20,15763
q21,43447
q22,34580
q23_part_1,194892
q23_part_2,231363
q24_part_1,30235
q24_part_2,25108
q25,39350
q26,18187
q27,25293
q28,16090
q29,35634
q30,7762
q31,30531
q32,28847
q33,21741
q34,25390
q35,24829
q36,27304
q37,11415
q38,30592
q39_part_1,81447
q39_part_2,90460
q40,33929
q41,428
q42,12884
q43,23025
q44,966
q45,18417
q46,32955
q47,52481
q48,22868
q49,20146
q50,37642
q51,38927
q52,11038
q53,18331
q54,31381
q55,10661
q56,22913
q57,28178
q58,45164
q59,25969
q60,23276
q61,44762
q62,32174
q63,17106
q64,118000
q65,38692
q66,44870
q67,114339
q68,23836
q69,22497
q70,51671
q71,22993
q72,3895653
q73,15617
q74,69138
q75,48491
q76,7759
q77,26866
q78,82719
q79,27496
q80,89544
q81,8242
q82,13973
q83,7003
q84,3438
q85,8544
q86,6307
q87,31745
q88,26787
q89,21511
q90,5584
q91,6518
q92,17675
q93,30266
q94,27053
q95,58985
q96,16099
q97,28962
q98,25059
q99,60643